{
  "version": "7",
  "dialect": "postgresql",
  "entries": [
    {
      "idx": 0,
      "version": "7",
      "when": 1759213669819,
      "tag": "0000_overrated_deathstrike",
      "breakpoints": true
    },
    {
      "idx": 1,
      "version": "7",
      "when": 1760014359694,
      "tag": "0001_calm_onslaught",
      "breakpoints": true
    },
    {
      "idx": 2,
      "version": "7",
      "when": 1760063773406,
      "tag": "0002_loud_ender_wiggin",
      "breakpoints": true
    },
    {
      "idx": 3,
      "version": "7",
      "when": 1760063848056,
      "tag": "0003_safe_shadow_king",
      "breakpoints": true
    },
    {
      "idx": 4,
      "version": "7",
      "when": 1760337219887,
      "tag": "0004_opposite_iceman",
      "breakpoints": true
    },
    {
      "idx": 5,
      "version": "7",
      "when": 1760343080882,
      "tag": "0005_loud_lyja",
      "breakpoints": true
    },
    {
      "idx": 6,
      "version": "7",
      "when": 1760528826324,
      "tag": "0006_outstanding_strong_guy",
      "breakpoints": true
    },
    {
      "idx": 7,
      "version": "7",
      "when": 1761121836224,
      "tag": "0007_dazzling_tomas",
      "breakpoints": true
    },
    {
      "idx": 8,
      "version": "7",
      "when": 1761122401142,
      "tag": "0008_outgoing_thor_girl",
      "breakpoints": true
    },
    {
      "idx": 9,
      "version": "7",
      "when": 1761139142602,
      "tag": "0009_damp_celestials",
      "breakpoints": true
    },
    {
      "idx": 10,
      "version": "7",
      "when": 1761139223884,
      "tag": "0010_cuddly_master_chief",
      "breakpoints": true
    },
    {
      "idx": 11,
      "version": "7",
      "when": 1761139320648,
      "tag": "0011_nasty_abomination",
      "breakpoints": true
    },
    {
      "idx": 12,
      "version": "7",
      "when": 1761197586685,
      "tag": "0012_magenta_blink",
      "breakpoints": true
    },
    {
      "idx": 13,
      "version": "7",
      "when": 1761385678281,
      "tag": "0013_wonderful_hobgoblin",
      "breakpoints": true
    },
    {
      "idx": 14,
      "version": "7",
      "when": 1761385981162,
      "tag": "0014_plain_garia",
      "breakpoints": true
    },
    {
      "idx": 15,
      "version": "7",
      "when": 1761721584408,
      "tag": "0015_wonderful_dormammu",
      "breakpoints": true
    },
    {
      "idx": 16,
      "version": "7",
      "when": 1761729860119,
      "tag": "0016_new_yellowjacket",
      "breakpoints": true
    },
    {
      "idx": 17,
      "version": "7",
      "when": 1761821572441,
      "tag": "0017_tranquil_switch",
      "breakpoints": true
    },
    {
      "idx": 18,
      "version": "7",
      "when": 1761996009979,
      "tag": "0018_late_swarm",
      "breakpoints": true
    },
    {
      "idx": 19,
      "version": "7",
      "when": 1762942817169,
      "tag": "0019_ancient_stryfe",
      "breakpoints": true
    },
    {
      "idx": 20,
      "version": "7",
      "when": 1762943025219,
      "tag": "0020_sweet_slayback",
      "breakpoints": true
    },
    {
      "idx": 21,
      "version": "7",
      "when": 1763005916937,
      "tag": "0021_ordinary_viper",
      "breakpoints": true
    },
    {
      "idx": 22,
      "version": "7",
      "when": 1763014404403,
      "tag": "0022_odd_katie_power",
      "breakpoints": true
    },
    {
      "idx": 23,
      "version": "7",
      "when": 1763050168105,
      "tag": "0023_lying_slayback",
      "breakpoints": true
    },
    {
      "idx": 24,
      "version": "7",
      "when": 1763053801666,
      "tag": "0024_goofy_galactus",
      "breakpoints": true
    }
  ]
}